{
  "endpoint_path": "/tv/v2/national_airing_views",
  "request":
{
  "group_by": [
    "network_no",
	"series_no"
  ],
  "fields": [
    "network_no",
	"series_name",
    "rating",
    {
      "demo_no": 644,
      "alias": "rating_644",
      "field": "rating"
    },
	{
		"alias": "rating_ad_live_plus_dvr_within_72",
		"field": "rating",
		"stream": "ad_live_plus_dvr_within_72_hours"
	},
	{
		"alias": "c3",
		"field": "rating",
		"stream": "c3"
	},
	{
		"alias": "rating_ad_live_plus_dvr_within_same_day",
		"field": "rating",
		"stream": "ad_live_plus_dvr_within_same_day"
	},
	{
		"alias": "c0",
		"field": "rating",
		"stream": "c0"
	},
	 {
      "demo_no": 644,
      "alias": "rating_644_ad_live_plus_dvr_with_72",
      "field": "rating",
	  "stream": "ad_live_plus_dvr_within_72_hours"
    },
	{
		"field": "ad_retention_index",
		"stream": "ad_live_plus_dvr_within_72_hours"
	}
	],
  "filters": [
    [
      "range",
      "day",
      "2015-05-31",
      "2015-06-02"
    ],
    [
      "in",
      "network_no",
      2
    ]
  ],
  "page_size": 10000,
  "include_non_final_data": true
}
}